7895	ABG373	abg373	
8103	BARC119	barc119	
8114	BARC137	barc137	
8139	BARC174	barc174	
8145	BARC181	barc181	
8149	BARC188	barc188	
8161	BARC240	barc240	
8178	BARC60	barc60	
8191	BARC8	barc8	
8192	BARC80	barc80	
8193	BARC81	barc81	
8216	BCD1124	bcd1124	
8222	BCD1150	bcd1150	
8224	BCD12	bcd12	
8229	BCD1261	bcd1261	
8251	BCD1449	bcd1449	
8254	BCD1510	bcd1510	
8255	BCD1514	bcd1514	
8259	BCD1562	bcd1562	
8271	BCD1796	bcd1796	
8287	BCD200	bcd200	
8295	BCD22	bcd22	
8301	BCD304	bcd304	
8305	BCD338	bcd338	
8317	BCD386	bcd386	
8320	BCD441	bcd441	
8321	BCD442	bcd442	
8329	BCD508	bcd508	
8341	BCD762	bcd762	
8353	BCD98	bcd98	
14762	CDO1173	cdo1173	
14765	CDO1188	cdo1188	
14766	CDO1189	cdo1189	
14768	CDO1196	cdo1196	
14769	CDO127	cdo127	
14776	CDO1340	cdo1340	
14798	CDO278	cdo278	
14805	CDO346	cdo346	
14811	CDO393	cdo393	
14825	CDO473	cdo473	
14847	CDO618	cdo618	
14848	CDO637	cdo637	
14867	CDO92	cdo92	
14872	CDO98	cdo98	
14873	CDO99	cdo99	
15060	CMWG645	cmwg645, cMWG645	
15063	CMWG669	cMWG669	
15064	CMWG682	cMWG682	
15066	CMWG770	cMWG770	
15154	FBA177	fba177	
15155	FBA178	fba178	
15205	FBA309	fba309	
15221	FBA34	fba34	
15317	FBB180	fbb180	
15354	FBB255	fbb255	
15389	FBB35	fbb35	
15502	GBX3147	gbx3147	
15510	GBX3581	gbx3581	
15528	GBXG178	gbxG178	
15576	GBXG80	gbxG80	
15589	GBXR59	gbxR59	
15644	GLK136	glk136	
15645	GLK163	glk163	
15651	GLK431	glk431	
15687	GPW1077	gpw1077	
15718	GPW1239	gpw1239	
15735	GPW2071	gpw2071	
15970	GPW4002	gpw4002	
15972	GPW4005	gpw4005	
15975	GPW4020	gpw4020	
15976	GPW4022	gpw4022	
15977	GPW4024	gpw4024	
15978	GPW4026	gpw4026	
15979	GPW4028	gpw4028	
15982	GPW4032	gpw4032	
15984	GPW4040	gpw4040	
15985	GPW4043	gpw4043	
15986	GPW4044	gpw4044	
15987	GPW4050	gpw4050	
15988	GPW4053	gpw4053	
15989	GPW4061	gpw4061	
15990	GPW4062	gpw4062	
15991	GPW4063	gpw4063	
15992	GPW4066	gpw4066	
15993	GPW4067	gpw4067	
15994	GPW4069	gpw4069	
15995	GPW4071	gpw4071	
15996	GPW4073	gpw4073	
15997	GPW4074	gpw4074	
15998	GPW4075	gpw4075	
15999	GPW4076	gpw4076	
16001	GPW4079	gpw4079	
16002	GPW4080	gpw4080	
16003	GPW4081	gpw4081	
16004	GPW4082	gpw4082	
16005	GPW4085	gpw4085	
16006	GPW4087	gpw4087	
16009	GPW4092	gpw4092	
16010	GPW4093	gpw4093	
16011	GPW4095	gpw4095	
16012	GPW4098	gpw4098	
16013	GPW4100	gpw4100	
16014	GPW4101	gpw4101	
16015	GPW4103	gpw4103	
16016	GPW4104	gpw4104	
16018	GPW4108	gpw4108	
16019	GPW4109	gpw4109	
16020	GPW4111	gpw4111	
16021	GPW4112	gpw4112	
16022	GPW4115	gpw4115	
16023	GPW4117	gpw4117	
16025	GPW4120	gpw4120	
16026	GPW4124	gpw4124	
16029	GPW4130	gpw4130	
16030	GPW4131	gpw4131	
16031	GPW4132	gpw4132	
16032	GPW4134	gpw4134	
16033	GPW4136	gpw4136	
16034	GPW4138	gpw4138	
16035	GPW4140	gpw4140	
16036	GPW4142	gpw4142	
16037	GPW4143	gpw4143	
16038	GPW4145	gpw4145	
16040	GPW4147	gpw4147	
16042	GPW4149	gpw4149	
16043	GPW4150	gpw4150	
16044	GPW4152	gpw4152	
16046	GPW4154	gpw4154	
16047	GPW4156	gpw4156	
16048	GPW4162	gpw4162	
16051	GPW4165	gpw4165	
16052	GPW4166	gpw4166	
16053	GPW4169	gpw4169	
16054	GPW4170	gpw4170	
16055	GPW4175	gpw4175	
16056	GPW4176	gpw4176	
16057	GPW4182	gpw4182	
16059	GPW4184	gpw4184	
16061	GPW4193	gpw4193	
16063	GPW4207	gpw4207	
16064	GPW4212	gpw4212	
16067	GPW4218	gpw4218	
16068	GPW4221	gpw4221	
16069	GPW4225	gpw4225	
16071	GPW4236	gpw4236	
16072	GPW4238	gpw4238	
16073	GPW4248	gpw4248	
16074	GPW4251	gpw4251	
16075	GPW4254	gpw4254	
16076	GPW4257	gpw4257	
16077	GPW4261	gpw4261	
16078	GPW4267	gpw4267	
16079	GPW4273	gpw4273	
16080	GPW4279	gpw4279	
16081	GPW4285	gpw4285	
16083	GPW4307	gpw4307	
16085	GPW4310	gpw4310	
16086	GPW4311	gpw4311	
16087	GPW4312	gpw4312	
16088	GPW4314	gpw4314	
16089	GPW4315	gpw4315	
16090	GPW4321	gpw4321	
16091	GPW4324	gpw4324	
16093	GPW4331	gpw4331	
16094	GPW4334	gpw4334	
16095	GPW4335	gpw4335	
16096	GPW4338	gpw4338	
16098	GPW4342	gpw4342	
16099	GPW4344	gpw4344	
16100	GPW4347	gpw4347	
16101	GPW4352	gpw4352	
16104	GPW4358	gpw4358	
16105	GPW4362	gpw4362	
16107	GPW4369	gpw4369	
16110	GPW4379	gpw4379	
16111	GPW4382	gpw4382	
16112	GPW4384	gpw4384	
16113	GPW4385	gpw4385	
16114	GPW4388	gpw4388	
16115	GPW4389	gpw4389	
16116	GPW4390	gpw4390	
16117	GPW4394	gpw4394	
16118	GPW4395	gpw4395	
16119	GPW4396	gpw4396	
16120	GPW4401	gpw4401	
16121	GPW4403	gpw4403	
16122	GPW4410	gpw4410	
16123	GPW4412	gpw4412	
16125	GPW4430	gpw4430	
16126	GPW4431	gpw4431	
16127	GPW4432	gpw4432	
16128	GPW4440	gpw4440	
16129	GPW4444	gpw4444	
16130	GPW4448	gpw4448	
16131	GPW4450	gpw4450	
16132	GPW4451	gpw4451	
16134	GPW4453	gpw4453	
16135	GPW4456	gpw4456	
16136	GPW4461	gpw4461	
16137	GPW4465	gpw4465	
16138	GPW4466	gpw4466	
16140	GPW4469	gpw4469	
16141	GPW4471	gpw4471	
16142	GPW4473	gpw4473	
16143	GPW4474	gpw4474	
16144	GPW4478	gpw4478	
16145	GPW4479	gpw4479	
16147	GPW4487	gpw4487	
16149	GPW4491	gpw4491	
16150	GPW4492	gpw4492	
16151	GPW4496	gpw4496	
16153	GPW4503	gpw4503	
16155	GPW4507	gpw4507	
16156	GPW4510	gpw4510	
16158	GPW4513	gpw4513	
16160	GPW4525	gpw4525	
16161	GPW4538	gpw4538	
16162	GPW4545	gpw4545	
16288	GPW7006	gpw7006	
16289	GPW7007	gpw7007	
16290	GPW7011	gpw7011	
16291	GPW7020	gpw7020	
16293	GPW7026	gpw7026	
16297	GPW7051	gpw7051	
16298	GPW7052	gpw7052	
16299	GPW7053	gpw7053	
16301	GPW7059	gpw7059	
16302	GPW7060	gpw7060	
16303	GPW7062	gpw7062	
16304	GPW7066	gpw7066	
16305	GPW7067	gpw7067	
16307	GPW7070	gpw7070	
16308	GPW7072	gpw7072	
16309	GPW7073	gpw7073	
16310	GPW7076	gpw7076	
16311	GPW7079	gpw7079	
16312	GPW7080	gpw7080	
16313	GPW7082	gpw7082	
16316	GPW7093	gpw7093	
16318	GPW7101	gpw7101	
16319	GPW7109	gpw7109	
16320	GPW7114	gpw7114	
16321	GPW7148	gpw7148	
16323	GPW7156	gpw7156	
16324	GPW7167	gpw7167	
16325	GPW7180	gpw7180	
16326	GPW7185	gpw7185	
16327	GPW7196	gpw7196	
16329	GPW7213	gpw7213	
16330	GPW7219	gpw7219	
16331	GPW7220	gpw7220	
16332	GPW7225	gpw7225	
16333	GPW7226	gpw7226	
16334	GPW7238	gpw7238	
16335	GPW7241	gpw7241	
16336	GPW7244	gpw7244	
16338	GPW7250	gpw7250	
16339	GPW7253	gpw7253	
16340	GPW7258	gpw7258	
16341	GPW7259	gpw7259	
16342	GPW7262	gpw7262	
16343	GPW7264	gpw7264	
16345	GPW7285	gpw7285	
16346	GPW7288	gpw7288	
16347	GPW7292	gpw7292	
16348	GPW7296	gpw7296	
16349	GPW7303	gpw7303	
16350	GPW7309	gpw7309	
16351	GPW7313	gpw7313	
16353	GPW7320	gpw7320	
16354	GPW7321	gpw7321	
16355	GPW7325	gpw7325	
16356	GPW7328	gpw7328	
16357	GPW7331	gpw7331	
16358	GPW7335	gpw7335	
16359	GPW7339	gpw7339	
16360	GPW7342	gpw7342	
16361	GPW7346	gpw7346	
16362	GPW7363	gpw7363	
16363	GPW7371	gpw7371	
16364	GPW7379	gpw7379	
16365	GPW7383	gpw7383	
16366	GPW7384	gpw7384	
16367	GPW7386	gpw7386	
16368	GPW7388	gpw7388	
16369	GPW7390	gpw7390	
16371	GPW7399	gpw7399	
16372	GPW7412	gpw7412	
16373	GPW7414	gpw7414	
16374	GPW7419	gpw7419	
16375	GPW7421	gpw7421	
16376	GPW7422	gpw7422	
16377	GPW7425	gpw7425	
16378	GPW7433	gpw7433	
16379	GPW7439	gpw7439	
16380	GPW7443	gpw7443	
16381	GPW7452	gpw7452	
16382	GPW7455	gpw7455	
16383	GPW7457	gpw7457	
16384	GPW7467	gpw7467	
16385	GPW7478	gpw7478	
16386	GPW7482	gpw7482	
16387	GPW7486	gpw7486	
16388	GPW7501	gpw7501	
16389	GPW7506	gpw7506	
16390	GPW7518	gpw7518	
16391	GPW7521	gpw7521	
16392	GPW7540	gpw7540	
16393	GPW7543	gpw7543	
16395	GPW7553	gpw7553	
16396	GPW7554	gpw7554	
16397	GPW7556	gpw7556	
16398	GPW7565	gpw7565	
16399	GPW7570	gpw7570	
16400	GPW7574	gpw7574	
16401	GPW7577	gpw7577	
16403	GPW7586	gpw7586	
16404	GPW7592	gpw7592	
16405	GPW7596	gpw7596	
16406	GPW7603	gpw7603	
16407	GPW7607	gpw7607	
16408	GPW7615	gpw7615	
16410	GPW7620	gpw7620	
16414	GPW7643	gpw7643	
16415	GPW7646	gpw7646	
16417	GPW7649	gpw7649	
16418	GPW7651	gpw7651	
16419	GPW7659	gpw7659	
16420	GPW7666	gpw7666	
16421	GPW7672	gpw7672	
16422	GPW7683	gpw7683	
16426	GPW7717	gpw7717	
16427	GPW7727	gpw7727	
16428	GPW7739	gpw7739	
16429	GPW7757	gpw7757	
16431	GPW7772	gpw7772	
16432	GPW7774	gpw7774	
16433	GPW7780	gpw7780	
16434	GPW7795	gpw7795	
16435	GPW7797	gpw7797	
16436	GPW7805	gpw7805	
16437	GPW7808	gpw7808	
16439	GPW7812	gpw7812	
16440	GPW7813	gpw7813	
16447	GPW8015	gpw8015	
16448	GPW8020	gpw8020	
16450	GPW8025	gpw8025	
16452	GPW8031	gpw8031	
16453	GPW8034	gpw8034	
16454	GPW8036	gpw8036	
16455	GPW8038	gpw8038	
16456	GPW8040	gpw8040	
16457	GPW8048	gpw8048	
16458	GPW8055	gpw8055	
16460	GPW8060	gpw8060	
16463	GPW8068	gpw8068	
16465	GPW8072	gpw8072	
16466	GPW8074	gpw8074	
16470	GPW8090	gpw8090	
16471	GPW8092	gpw8092	
16473	GPW8099	gpw8099	
16474	GPW8100	gpw8100	
16475	GPW8103	gpw8103	
16476	GPW8104	gpw8104	
16478	GPW8116	gpw8116	
16479	GPW8126	gpw8126	
16481	GPW8134	gpw8134	
16483	GPW8147	gpw8147	
16487	GPW8176	gpw8176	
16488	GPW8188	gpw8188	
16492	GPW8238	gpw8238	
16494	GPW8261	gpw8261	
16496	GPW8289	gpw8289	
16497	GPW8303	gpw8303	
16518	GWM107	gwm107	
16520	GWM11	gwm11	
16522	GWM112	gwm112	
16528	GWM124	gwm124	
16532	GWM131	gwm131	
16534	GWM133	gwm133	
16537	GWM140	gwm140	
16541	GWM153	gwm153	
16556	GWM18	gwm18	
16562	GWM191	gwm191	
16580	GWM259	gwm259	
16585	GWM268	gwm268	
16588	GWM272	gwm272	
16589	GWM273	gwm273	
16590	GWM274	gwm274	
16617	GWM328	gwm328	
16642	GWM374	gwm374	
16653	GWM403	gwm403	
16654	GWM408	gwm408	
16669	GWM456	gwm456	
16673	GWM469	gwm469	
16680	GWM494	gwm494	
16683	GWM498	gwm498	
16711	GWM582	gwm582	
16718	GWM604	gwm604	
16733	GWM636	gwm636	
17050	MWG69	mwg69	
17062	MWG837	mwg837	
17064	MWG912	mwg912	
17094	PSP3100	psp3100	
17179	SPA	spa	
17234	WG605	wg605	
17240	WG811	wg811	
17241	WG822	wg822	
17256	WMC113	wmc113	
17262	WMC134	wmc134	
17269	WMC156	wmc156	
17288	WMC206	wmc206	
17289	WMC213	wmc213	
17291	WMC216	wmc216	
17312	WMC269	wmc269	
17351	WMC406	wmc406	
17366	WMC44	wmc44	
17389	WMC500	wmc500	
17394	WMC51	wmc51	
17398	WMC52	wmc52	
17416	WMC597	wmc597	
17423	WMC626	wmc626	
17432	WMC673	wmc673	
17436	WMC694	wmc694	
20936	CFD1	cfd1	
20937	CFD10	cfd10	
20938	CFD101	cfd101	
20939	CFD102	cfd102	
20940	CFD106	cfd106	
20941	CFD11	cfd11	
20942	CFD116	cfd116	
20944	CFD13	cfd13	
20945	CFD132	cfd132	
20946	CFD135	cfd135	
20947	CFD14	cfd14	
20948	CFD141	cfd141	
20949	CFD15	cfd15	
20950	CFD152	cfd152	
20951	CFD156	cfd156	
20952	CFD16	cfd16	
20953	CFD160	cfd160	
20954	CFD161	cfd161	
20955	CFD165	cfd165	
20956	CFD168	cfd168	
20957	CFD17	cfd17	
20958	CFD170	cfd170	
20959	CFD175	cfd175	
20960	CFD18	cfd18	
20961	CFD183	cfd183	
20962	CFD188	cfd188	
20963	CFD189	cfd189	
20964	CFD19	cfd19	
20965	CFD190	cfd190	
20966	CFD193	cfd193	
20967	CFD2	cfd2	
20968	CFD20	cfd20	
20969	CFD21	cfd21	
20970	CFD211	cfd211	
20971	CFD213	cfd213	
20972	CFD219	cfd219	
20973	CFD22	cfd22	
20974	CFD223	cfd223	
20975	CFD226	cfd226	
20976	CFD23	cfd23	
20977	CFD233	cfd233	
20978	CFD238	cfd238	
20979	CFD239	cfd239	
20980	CFD24	cfd24	
20981	CFD242	cfd242	
20982	CFD25	cfd25	
20983	CFD251	cfd251	
20984	CFD255	cfd255	
20985	CFD257	cfd257	
20986	CFD26	cfd26	
20987	CFD267	cfd267	
20988	CFD27	cfd27	
20989	CFD270	cfd270	
20991	CFD28	cfd28	
20992	CFD282	cfd282	
20993	CFD283	cfd283	
20994	CFD287	cfd287	
20995	CFD29	cfd29	
20996	CFD3	cfd3	
20997	CFD30	cfd30	
20998	CFD31	cfd31	
20999	CFD32	cfd32	
21001	CFD34	cfd34	
21002	CFD35	cfd35	
21003	CFD36	cfd36	
21004	CFD37	cfd37	
21005	CFD38	cfd38	
21006	CFD39	cfd39	
21007	CFD4	cfd4	
21008	CFD40	cfd40	
21009	CFD41	cfd41	
21010	CFD42	cfd42	
21011	CFD43	cfd43	
21012	CFD44	cfd44	
21013	CFD45	cfd45	
21014	CFD46	cfd46	
21015	CFD47	cfd47	
21016	CFD48	cfd48	
21017	CFD49	cfd49	
21019	CFD50	cfd50	
21020	CFD51	cfd51	
21021	CFD52	cfd52	
21022	CFD53	cfd53	
21023	CFD54	cfd54	
21024	CFD55	cfd55	
21026	CFD57	cfd57	
21027	CFD58	cfd58	
21028	CFD59	cfd59	
21029	CFD6	cfd6	
21030	CFD60	cfd60	
21031	CFD61	cfd61	
21032	CFD62	cfd62	
21033	CFD63	cfd63	
21034	CFD64	cfd64	
21035	CFD65	cfd65	
21036	CFD66	cfd66	
21037	CFD67	cfd67	
21038	CFD68	cfd68	
21039	CFD69	cfd69	
21040	CFD7	cfd7	
21041	CFD70	cfd70	
21042	CFD71	cfd71	
21043	CFD72	cfd72	
21044	CFD73	cfd73	
21045	CFD74	cfd74	
21046	CFD75	cfd75	
21047	CFD76	cfd76	
21048	CFD77	cfd77	
21049	CFD78	cfd78	
21050	CFD79	cfd79	
21051	CFD8	cfd8	
21052	CFD80	cfd80	
21053	CFD81	cfd81	
21054	CFD82	cfd82	
21056	CFD84	cfd84	
21057	CFD86	cfd86	
21058	CFD88	cfd88	
21059	CFD89	cfd89	
21060	CFD9	cfd9	
21061	CFD92	cfd92	
21062	CFD95	cfd95	
21063	CFE1	cfe1	
21064	CFE10	cfe10	
21065	CFE100	cfe100	
21066	CFE102	cfe102	
21067	CFE103	cfe103	
21068	CFE107	cfe107	
21069	CFE11	cfe11	
21070	CFE111	cfe111	
21071	CFE114	cfe114	
21072	CFE115	cfe115	
21073	CFE117	cfe117	
21074	CFE119	cfe119	
21075	CFE121	cfe121	
21076	CFE124	cfe124	
21077	CFE125	cfe125	
21078	CFE127	cfe127	
21079	CFE129	cfe129	
21080	CFE13	cfe13	
21081	CFE131	cfe131	
21082	CFE132	cfe132	
21083	CFE135	cfe135	
21084	CFE136	cfe136	
21085	CFE138	cfe138	
21086	CFE14	cfe14	
21087	CFE140	cfe140	
21088	CFE142	cfe142	
21089	CFE143	cfe143	
21090	CFE147	cfe147	
21091	CFE148	cfe148	
21092	CFE15	cfe15	
21093	CFE150	cfe150	
21094	CFE152	cfe152	
21095	CFE154	cfe154	
21096	CFE156	cfe156	
21097	CFE159	cfe159	
21098	CFE16	cfe16	
21099	CFE160	cfe160	
21100	CFE161	cfe161	
21101	CFE162	cfe162	
21102	CFE163	cfe163	
21103	CFE164	cfe164	
21104	CFE166	cfe166	
21105	CFE167	cfe167	
21106	CFE168	cfe168	
21107	CFE169	cfe169	
21108	CFE172	cfe172	
21109	CFE173	cfe173	
21110	CFE175	cfe175	
21111	CFE179	cfe179	
21112	CFE180	cfe180	
21113	CFE181	cfe181	
21114	CFE183	cfe183	
21115	CFE185	cfe185	
21116	CFE186	cfe186	
21117	CFE188	cfe188	
21118	CFE189	cfe189	
21119	CFE19	cfe19	
21120	CFE190	cfe190	
21121	CFE191	cfe191	
21122	CFE193	cfe193	
21123	CFE195	cfe195	
21124	CFE196	cfe196	
21125	CFE197	cfe197	
21126	CFE2	cfe2	
21127	CFE20	cfe20	
21128	CFE202	cfe202	
21129	CFE204	cfe204	
21130	CFE205	cfe205	
21131	CFE208	cfe208	
21132	CFE209	cfe209	
21133	CFE211	cfe211	
21134	CFE212	cfe212	
21135	CFE213	cfe213	
21136	CFE214	cfe214	
21137	CFE218	cfe218	
21138	CFE22	cfe22	
21139	CFE220	cfe220	
21140	CFE222	cfe222	
21141	CFE223	cfe223	
21142	CFE225	cfe225	
21143	CFE227	cfe227	
21144	CFE228	cfe228	
21145	CFE229	cfe229	
21146	CFE23	cfe23	
21147	CFE230	cfe230	
21148	CFE234	cfe234	
21149	CFE236	cfe236	
21150	CFE239	cfe239	
21151	CFE240	cfe240	
21152	CFE241	cfe241	
21153	CFE242	cfe242	
21154	CFE244	cfe244	
21155	CFE247	cfe247	
21156	CFE248	cfe248	
21157	CFE25	cfe25	
21158	CFE250	cfe250	
21159	CFE252	cfe252	
21160	CFE253	cfe253	
21161	CFE254	cfe254	
21162	CFE255	cfe255	
21163	CFE257	cfe257	
21164	CFE258	cfe258	
21165	CFE26	cfe26	
21166	CFE260	cfe260	
21167	CFE261	cfe261	
21168	CFE263	cfe263	
21169	CFE266	cfe266	
21170	CFE267	cfe267	
21171	CFE27	cfe27	
21172	CFE270	cfe270	
21173	CFE271	cfe271	
21174	CFE273	cfe273	
21175	CFE274	cfe274	
21176	CFE276	cfe276	
21177	CFE277	cfe277	
21178	CFE278	cfe278	
21179	CFE279	cfe279	
21180	CFE281	cfe281	
21181	CFE282	cfe282	
21182	CFE283	cfe283	
21183	CFE284	cfe284	
21184	CFE286	cfe286	
21185	CFE287	cfe287	
21186	CFE288	cfe288	
21187	CFE29	cfe29	
21188	CFE291	cfe291	
21189	CFE294	cfe294	
21190	CFE295	cfe295	
21191	CFE297	cfe297	
21192	CFE299	cfe299	
21193	CFE30	cfe30	
21194	CFE300	cfe300	
21195	CFE301	cfe301	
21196	CFE302	cfe302	
21197	CFE32	cfe32	
21198	CFE34	cfe34	
21199	CFE35	cfe35	
21200	CFE36	cfe36	
21201	CFE37	cfe37	
21202	CFE4	cfe4	
21203	CFE40	cfe40	
21204	CFE41	cfe41	
21205	CFE42	cfe42	
21206	CFE47	cfe47	
21207	CFE48	cfe48	
21208	CFE52	cfe52	
21209	CFE53	cfe53	
21210	CFE56	cfe56	
21211	CFE58	cfe58	
21212	CFE59	cfe59	
21213	CFE6	cfe6	
21214	CFE60	cfe60	
21215	CFE63	cfe63	
21216	CFE64	cfe64	
21217	CFE65	cfe65	
21218	CFE66	cfe66	
21219	CFE67	cfe67	
21220	CFE68	cfe68	
21221	CFE71	cfe71	
21222	CFE72	cfe72	
21223	CFE74	cfe74	
21224	CFE75	cfe75	
21225	CFE76	cfe76	
21226	CFE77	cfe77	
21227	CFE78	cfe78	
21228	CFE8	cfe8	
21229	CFE80	cfe80	
21230	CFE86	cfe86	
21231	CFE87	cfe87	
21232	CFE89	cfe89	
21233	CFE90	cfe90	
21234	CFE94	cfe94	
21235	CFE95	cfe95	
21236	CFE96	cfe96	
21237	CSU109	csu109	
21243	CSU25	csu25	
21279	GPW1005	gpw1005	
21280	GPW1007	gpw1007	
21281	GPW1010	gpw1010	
21282	GPW1014	gpw1014	
21283	GPW1016	gpw1016	
21284	GPW1017	gpw1017	
21285	GPW1019	gpw1019	
21286	GPW1025	gpw1025	
21287	GPW1027	gpw1027	
21289	GPW1034	gpw1034	
21290	GPW1045	gpw1045	
21291	GPW1054	gpw1054	
21292	GPW1056	gpw1056	
21293	GPW1062	gpw1062	
21294	GPW1072	gpw1072	
21295	GPW1073	gpw1073	
21296	GPW1077	gpw1077	
21297	GPW1079	gpw1079	
21298	GPW1082	gpw1082	
21299	GPW1090	gpw1090	
21300	GPW1099	gpw1099	
21301	GPW1100	gpw1100	
21302	GPW1101	gpw1101	
21303	GPW1102	gpw1102	
21304	GPW1106	gpw1106	
21305	GPW1107	gpw1107	
21306	GPW1108	gpw1108	
21307	GPW1109	gpw1109	
21308	GPW1113	gpw1113	
21309	GPW1120	gpw1120	
21310	GPW1134	gpw1134	
21311	GPW1142	gpw1142	
21312	GPW1143	gpw1143	
21313	GPW1144	gpw1144	
21314	GPW1145	gpw1145	
21315	GPW1146	gpw1146	
21316	GPW1148	gpw1148	
21317	GPW1149	gpw1149	
21318	GPW1150	gpw1150	
21319	GPW1162	gpw1162	
21320	GPW1164	gpw1164	
21321	GPW1168	gpw1168	
21322	GPW1170	gpw1170	
21323	GPW1184	gpw1184	
21324	GPW1201	gpw1201	
21325	GPW1209	gpw1209	
21326	GPW1214	gpw1214	
21327	GPW1238	gpw1238	
21328	GPW1239	gpw1239	
21329	GPW1247	gpw1247	
21330	GPW1251	gpw1251	
21331	GPW2005	gpw2005	
21332	GPW2006	gpw2006	
21333	GPW2016	gpw2016	
21334	GPW2018	gpw2018	
21335	GPW2023	gpw2023	
21336	GPW2032	gpw2032	
21337	GPW2039	gpw2039	
21338	GPW2045	gpw2045	
21339	GPW2046	gpw2046	
21340	GPW2051	gpw2051	
21341	GPW2052	gpw2052	
21342	GPW2060	gpw2060	
21343	GPW2066	gpw2066	
21344	GPW2067	gpw2067	
21345	GPW2069	gpw2069	
21346	GPW2071	gpw2071	
21347	GPW2073	gpw2073	
21348	GPW2079	gpw2079	
21349	GPW2082	gpw2082	
21350	GPW2083	gpw2083	
21351	GPW2089	gpw2089	
21352	GPW2090	gpw2090	
21353	GPW2092	gpw2092	
21354	GPW2098	gpw2098	
21355	GPW2101	gpw2101	
21356	GPW2103	gpw2103	
21357	GPW2107	gpw2107	
21358	GPW2109	gpw2109	
21359	GPW2111	gpw2111	
21360	GPW2115	gpw2115	
21361	GPW2118	gpw2118	
21362	GPW2119	gpw2119	
21363	GPW2120	gpw2120	
21364	GPW2124	gpw2124	
21365	GPW2125	gpw2125	
21366	GPW2127	gpw2127	
21367	GPW2128	gpw2128	
21368	GPW2132	gpw2132	
21369	GPW2136	gpw2136	
21370	GPW2138	gpw2138	
21371	GPW2139	gpw2139	
21372	GPW2140	gpw2140	
21373	GPW2142	gpw2142	
21374	GPW2160	gpw2160	
21375	GPW2162	gpw2162	
21376	GPW2166	gpw2166	
21377	GPW2172	gpw2172	
21378	GPW2180	gpw2180	
21379	GPW2181	gpw2181	
21381	GPW2186	gpw2186	
21382	GPW2196	gpw2196	
21383	GPW2203	gpw2203	
21384	GPW2204	gpw2204	
21385	GPW2216	gpw2216	
21386	GPW2220	gpw2220	
21387	GPW2222	gpw2222	
21388	GPW2224	gpw2224	
21389	GPW2225	gpw2225	
21390	GPW2229	gpw2229	
21392	GPW2232	gpw2232	
21393	GPW2233	gpw2233	
21394	GPW2239	gpw2239	
21395	GPW2242	gpw2242	
21396	GPW2243	gpw2243	
21397	GPW2244	gpw2244	
21398	GPW2245	gpw2245	
21399	GPW2246	gpw2246	
21400	GPW2249	gpw2249	
21401	GPW2252	gpw2252	
21402	GPW2253	gpw2253	
21403	GPW2258	gpw2258	
21404	GPW2259	gpw2259	
21405	GPW2260	gpw2260	
21406	GPW2264	gpw2264	
21407	GPW2265	gpw2265	
21408	GPW2266	gpw2266	
21409	GPW2269	gpw2269	
21410	GPW2270	gpw2270	
21411	GPW2271	gpw2271	
21412	GPW2272	gpw2272	
21413	GPW2273	gpw2273	
21414	GPW2275	gpw2275	
21415	GPW2276	gpw2276	
21416	GPW2277	gpw2277	
21417	GPW2279	gpw2279	
21418	GPW2281	gpw2281	
21419	GPW2283	gpw2283	
21420	GPW2295	gpw2295	
21421	GPW2297	gpw2297	
21423	GPW2302	gpw2302	
21424	GPW2306	gpw2306	
21425	GPW2308	gpw2308	
21427	GPW2321	gpw2321	
21429	GPW2327	gpw2327	
21430	GPW2328	gpw2328	
21431	GPW2331	gpw2331	
21432	GPW2332	gpw2332	
21433	GPW2333	gpw2333	
21434	GPW2335	gpw2335	
21435	GPW2338	gpw2338	
21436	GPW2341	gpw2341	
21437	GPW2344	gpw2344	
21438	GPW273	gpw273	
21440	GPW297	gpw297	
21441	GPW298	gpw298	
21442	GPW299	gpw299	
21443	GPW300	gpw300	
21444	GPW3003	gpw3003	
21445	GPW3010	gpw3010	
21446	GPW3011	gpw3011	
21447	GPW3013	gpw3013	
21448	GPW3017	gpw3017	
21449	GPW3018	gpw3018	
21450	GPW302	gpw302	
21451	GPW3020	gpw3020	
21452	GPW3022	gpw3022	
21453	GPW3023	gpw3023	
21454	GPW3025	gpw3025	
21455	GPW3029	gpw3029	
21456	GPW303	gpw303	
21457	GPW3030	gpw3030	
21458	GPW3032	gpw3032	
21459	GPW3035	gpw3035	
21460	GPW3036	gpw3036	
21461	GPW3038	gpw3038	
21463	GPW304	gpw304	
21464	GPW3041	gpw3041	
21465	GPW3042	gpw3042	
21466	GPW3043	gpw3043	
21467	GPW3044	gpw3044	
21468	GPW3045	gpw3045	
21469	GPW3049	gpw3049	
21473	GPW306	gpw306	
21474	GPW3069	gpw3069	
21475	GPW307	gpw307	
21476	GPW3079	gpw3079	
21477	GPW308	gpw308	
21478	GPW3083	gpw3083	
21481	GPW3087	gpw3087	
21482	GPW3090	gpw3090	
21483	GPW3092	gpw3092	
21486	GPW3101	gpw3101	
21487	GPW3102	gpw3102	
21489	GPW3105	gpw3105	
21490	GPW3107	gpw3107	
21491	GPW3108	gpw3108	
21492	GPW3109	gpw3109	
21493	GPW311	gpw311	
21494	GPW3111	gpw3111	
21495	GPW3112	gpw3112	
21498	GPW312	gpw312	
21499	GPW3122	gpw3122	
21502	GPW3125	gpw3125	
21503	GPW313	gpw313	
21504	GPW3134	gpw3134	
21505	GPW3140	gpw3140	
21506	GPW3142	gpw3142	
21507	GPW3147	gpw3147	
21508	GPW315	gpw315	
21509	GPW3153	gpw3153	
21510	GPW3156	gpw3156	
21511	GPW3167	gpw3167	
21512	GPW3178	gpw3178	
21514	GPW3183	gpw3183	
21516	GPW3186	gpw3186	
21517	GPW3188	gpw3188	
21518	GPW3190	gpw3190	
21519	GPW3191	gpw3191	
21520	GPW3193	gpw3193	
21521	GPW3197	gpw3197	
21522	GPW320	gpw320	
21523	GPW3201	gpw3201	
21524	GPW3206	gpw3206	
21525	GPW3207	gpw3207	
21526	GPW3208	gpw3208	
21528	GPW3214	gpw3214	
21529	GPW3215	gpw3215	
21530	GPW3217	gpw3217	
21531	GPW322	gpw322	
21532	GPW3220	gpw3220	
21533	GPW3223	gpw3223	
21534	GPW3224	gpw3224	
21535	GPW3225	gpw3225	
21536	GPW3226	gpw3226	
21537	GPW3227	gpw3227	
21538	GPW3229	gpw3229	
21539	GPW323	gpw323	
21540	GPW3230	gpw3230	
21542	GPW3234	gpw3234	
21543	GPW3236	gpw3236	
21544	GPW3238	gpw3238	
21545	GPW3241	gpw3241	
21546	GPW3247	gpw3247	
21547	GPW3248	gpw3248	
21548	GPW3249	gpw3249	
21549	GPW3251	gpw3251	
21550	GPW3252	gpw3252	
21551	GPW3256	gpw3256	
21552	GPW3257	gpw3257	
21553	GPW326	gpw326	
21554	GPW3260	gpw3260	
21555	GPW3261	gpw3261	
21558	GPW3276	gpw3276	
21559	GPW3278	gpw3278	
21560	GPW328	gpw328	
21562	GPW333	gpw333	
21564	GPW335	gpw335	
21565	GPW336	gpw336	
21566	GPW338	gpw338	
21567	GPW341	gpw341	
21568	GPW342	gpw342	
21569	GPW343	gpw343	
21570	GPW345	gpw345	
21571	GPW346	gpw346	
21572	GPW349	gpw349	
21573	GPW350	gpw350	
21574	GPW351	gpw351	
21575	GPW354	gpw354	
21576	GPW356	gpw356	
21578	GPW358	gpw358	
21579	GPW360	gpw360	
21580	GPW361	gpw361	
21581	GPW362	gpw362	
21582	GPW363	gpw363	
21588	GPW5010	gpw5010	
21591	GPW5020	gpw5020	
21592	GPW5023	gpw5023	
21593	GPW5029	gpw5029	
21594	GPW5032	gpw5032	
21595	GPW5037	gpw5037	
21597	GPW5039	gpw5039	
21598	GPW5041	gpw5041	
21599	GPW5042	gpw5042	
21601	GPW5054	gpw5054	
21604	GPW5058	gpw5058	
21605	GPW5062	gpw5062	
21606	GPW5064	gpw5064	
21608	GPW5066	gpw5066	
21609	GPW5067	gpw5067	
21610	GPW5072	gpw5072	
21611	GPW5076	gpw5076	
21612	GPW5082	gpw5082	
21614	GPW5094	gpw5094	
21615	GPW5095	gpw5095	
21616	GPW5098	gpw5098	
21620	GPW5111	gpw5111	
21621	GPW5113	gpw5113	
21624	GPW5118	gpw5118	
21627	GPW5122	gpw5122	
21628	GPW5123	gpw5123	
21629	GPW5124	gpw5124	
21630	GPW5125	gpw5125	
21631	GPW5126	gpw5126	
21632	GPW5129	gpw5129	
21633	GPW5130	gpw5130	
21634	GPW5133	gpw5133	
21635	GPW5134	gpw5134	
21636	GPW5135	gpw5135	
21637	GPW5137	gpw5137	
21638	GPW5139	gpw5139	
21639	GPW5140	gpw5140	
21640	GPW5141	gpw5141	
21641	GPW5143	gpw5143	
21643	GPW5149	gpw5149	
21644	GPW5155	gpw5155	
21645	GPW5161	gpw5161	
21646	GPW5162	gpw5162	
21647	GPW5163	gpw5163	
21650	GPW5166	gpw5166	
21651	GPW5168	gpw5168	
21653	GPW5170	gpw5170	
21654	GPW5171	gpw5171	
21657	GPW5175	gpw5175	
21658	GPW5176	gpw5176	
21659	GPW5177	gpw5177	
21660	GPW5179	gpw5179	
21661	GPW5180	gpw5180	
21662	GPW5181	gpw5181	
21663	GPW5182	gpw5182	
21665	GPW5185	gpw5185	
21667	GPW5188	gpw5188	
21668	GPW5191	gpw5191	
21669	GPW5192	gpw5192	
21670	GPW5193	gpw5193	
21671	GPW5194	gpw5194	
21672	GPW5195	gpw5195	
21673	GPW5197	gpw5197	
21674	GPW5199	gpw5199	
21675	GPW5203	gpw5203	
21676	GPW5205	gpw5205	
21678	GPW5207	gpw5207	
21679	GPW5208	gpw5208	
21680	GPW5209	gpw5209	
21682	GPW5211	gpw5211	
21683	GPW5212	gpw5212	
21684	GPW5213	gpw5213	
21685	GPW5215	gpw5215	
21686	GPW5216	gpw5216	
21688	GPW5235	gpw5235	
21689	GPW5237	gpw5237	
21690	GPW5238	gpw5238	
21691	GPW5239	gpw5239	
21692	GPW5244	gpw5244	
21693	GPW5245	gpw5245	
21694	GPW5248	gpw5248	
21695	GPW5251	gpw5251	
21696	GPW5253	gpw5253	
21697	GPW5255	gpw5255	
21698	GPW5257	gpw5257	
21699	GPW5260	gpw5260	
21700	GPW5262	gpw5262	
21701	GPW5263	gpw5263	
21702	GPW5265	gpw5265	
21703	GPW5271	gpw5271	
21704	GPW5279	gpw5279	
21705	GPW5281	gpw5281	
21707	GPW5288	gpw5288	
21709	GPW5292	gpw5292	
21711	GPW5314	gpw5314	
21712	GPW7002	gpw7002	
21713	GPW7012	gpw7012	
21714	GPW7017	gpw7017	
21715	GPW7022	gpw7022	
21716	GPW7030	gpw7030	
21717	GPW7032	gpw7032	
21718	GPW7038	gpw7038	
21719	GPW7042	gpw7042	
21720	GPW7048	gpw7048	
21721	GPW7063	gpw7063	
21722	GPW7064	gpw7064	
21723	GPW7065	gpw7065	
21724	GPW7069	gpw7069	
21725	GPW7074	gpw7074	
21726	GPW7083	gpw7083	
21727	GPW7084	gpw7084	
21728	GPW7085	gpw7085	
21730	GPW8003	gpw8003	
21738	GWM793	gwm793	
22436	GLU-B1	Glu-B1	
22438	CFD266	cfd266	
22439	GPW2080	gpw2080	
22440	GPW246	gpw246	
27194	BARC187	barc187	
27208	GDM101	gdm101	
27216	GDM126	gdm126	
27222	GDM136	gdm136	
27231	GDM28	gdm28	
27235	GDM33	gdm33	
27236	GDM36	gdm36	
27256	WMC128	wmc128	
27267	WMC31	wmc31	
27272	WMC367	wmc367	
27274	WMC416	wmc416	
27275	WMC419	wmc419	
27299	WMC619	wmc619	
27320	WMC728	wmc728	
27328	WMC813	wmc813	
27342	CFD127	cfd127	
27343	CFD201	cfd201	
27363	WMC611	wmc611	
27368	WMC631	wmc631	
27382	WMC719	wmc719	
27405	WMC766	wmc766	
27427	WMC830	wmc830	
27449	CFD143	cfd143	
27801	GPB7001	gpb7001	
27802	GPW3254	gpw3254	
27804	GPW6001	gpw6001	
27812	GPW7108	gpw7108	
27935	WMC320	wmc320	
27941	WMC69	wmc69	
28868	BARC120	barc120	
28900	BARC302	barc302	
28942	CMWG693	cMWG693	
28945	CMWG733	cmwg733, cMWG733	
28946	CMWG758	cmwg758, cMWG758	
28991	GPW1009	gpw1009	
28992	GPW1086	gpw1086	
28993	GPW2059	gpw2059	
28994	GPW2088	gpw2088	
28995	GPW2122	gpw2122	
28996	GPW2169	gpw2169	
28997	GPW2206	gpw2206	
28998	GPW2228	gpw2228	
28999	GPW2255	gpw2255	
29012	GSY60	gsy60	
29037	ISU97	isu97	
29117	PSR2019	psr2019	
29139	PSR648	psr648	
29148	PSR949	psr949	
29153	PSR967	psr967	
29193	WMC277	wmc277	
29239	CFA2121	cfa2121	
29241	CFA2129	cfa2129	
29246	CFA2147	cfa2147	
29250	CFA2158	cfa2158	
29277	CFA2292	cfa2292	
29279	CFB22	cfb22	
29280	CFB3023	cfb3023	
29281	CFB3059	cfb3059	
29282	CFB3063	cfb3063	
29283	CFB3119	cfb3119	
29284	CFB3135	cfb3135	
29285	CFB3200	cfb3200	
29286	CFB3260	cfb3260	
29287	CFB3266	cfb3266	
29288	CFB3292	cfb3292	
29289	CFB3296	cfb3296	
29290	CFB3330	cfb3330	
29291	CFB3366	cfb3366	
29292	CFB3374	cfb3374	
29293	CFB3375	cfb3375	
29294	CFB3376	cfb3376	
29295	CFB3409	cfb3409	
29296	CFB3417	cfb3417	
29297	CFB3440	cfb3440	
29298	CFB3530	cfb3530	
29299	CFB5010	cfb5010	
29300	CFB5038	cfb5038	
29301	CFB53	cfb53	
29302	CFB59	cfb59	
29303	CFB6012	cfb6012	
29304	CFB6016	cfb6016	
41562	BARC61	barc61	
41593	BARC207	barc207	
41623	BARC256	barc256	
41657	BARC312	barc312	
41817	BARC1131	barc1131	
41821	BARC1135	barc1135	
41844	BARC1160	barc1160	
44665	WMC373	wmc373	
44925	cfp7	CFP7	
44928	cfp16	CFP16	
44934	cfp24	CFP24	
44935	cfp25	CFP25	
44936	cfp26	CFP26	
44940	cfp35	CFP35	
44943	cfp39	CFP39	
44947	cfp45	CFP45	
44949	cfp49	CFP49	
44951	cfp52	CFP52	
44952	cfp54	CFP54	
44954	cfp56	CFP56	
44955	cfp57	CFP57	
44956	cfp58	CFP58	
44957	cfp59	CFP59	
44964	cfp78	CFP78	
44968	cfp92	CFP92	
44973	cfp100	CFP100	
44982	cfp127	CFP127	
44984	cfp129	CFP129	
44988	cfp140	CFP140	
44990	cfp146	CFP146	
44996	cfp161	CFP161	
44998	cfp166	CFP166	
45001	cfp171	CFP171	
45035	cfp1070	CFP1070	
45048	cfp1094	CFP1094	
45052	cfp1101	CFP1101	
45061	cfp1123	CFP1123	
45067	cfp1133	CFP1133	
45113	cfp1225	CFP1225	
45121	cfp1237	CFP1237	
45122	cfp1238	CFP1238	
45128	cfp1260	CFP1260	
45134	cfp1274	CFP1274	
45153	cfp1329	CFP1329	
45158	cfp1343	CFP1343	
45177	cfp1371	CFP1371	
45184	cfp1403	CFP1403	
45191	cfp1417	CFP1417	
45206	cfp1457	CFP1457	
45215	cfp1475	CFP1475	
45234	cfp1519	CFP1519	
45283	cfp1632	CFP1632	
45288	cfp1647	CFP1647	
45299	cfp1676	CFP1676	
45331	cfp1773	CFP1773	
45332	cfp1774	CFP1774	
45350	cfp1822	CFP1822	
45357	cfp1830	CFP1830	
45360	cfp1836	CFP1836	
45369	cfp1862	CFP1862	
45373	cfp1871	CFP1871	
45414	cfp2012	CFP2012	
45423	cfp2044	CFP2044	
45439	cfp2105	CFP2105	
45443	cfp2126	CFP2126	
45454	cfp2160	CFP2160	
45456	cfp2166	CFP2166	
45466	cfp3019	CFP3019	
45475	cfp3041	CFP3041	
45487	cfp3064	CFP3064	
45493	cfp3080	CFP3080	
45504	cfp3108	CFP3108	
45505	cfp3112	CFP3112	
45509	cfp3124	CFP3124	
45513	cfp3131	CFP3131	
45514	cfp3132	CFP3132	
45528	cfp3163	CFP3163	
45529	cfp3165	CFP3165	
45530	cfp3166	CFP3166	
45574	cfp3266	CFP3266	
45578	cfp3273	CFP3273	
45580	cfp3275	CFP3275	
45586	cfp3290	CFP3290	
45600	cfp3316	CFP3316	
45601	cfp3322	CFP3322	
45602	cfp3326	CFP3326	
45605	cfp3338	CFP3338	
45627	cfp3382	CFP3382	
45647	cfp3427	CFP3427	
45649	cfp3430	CFP3430	
45654	cfp3445	CFP3445	
45657	cfp3455	CFP3455	
45667	cfp3487	CFP3487	
45681	cfp3531	CFP3531	
45752	cfp5109	CFP5109	
